﻿{
    "data": {
        "train_dir": "data/train",
        "val_dir": "data/val",
        "image_size": 224,
        "batch_size": 16
    },
    "model": {
        "backbone": "resnet18",
        "pretrained": true,
        "num_classes": 2
    },
    "training": {
        "epochs": 50,
        "learning_rate": 0.001,
        "weight_decay": 1e-4,
        "patience": 10
    },
    "output": {
        "model_dir": "models",
        "checkpoint_dir": "checkpoints",
        "log_dir": "logs"
    }
}
